,Unnamed: 0,country,year,Life Ladder,Log GDP per capita,Social support,Healthy life expectancy at birth,Freedom to make life choices,Generosity,Perceptions of corruption,Positive affect,Negative affect,Confidence in national government,Democratic Quality,Delivery Quality,Standard deviation of ladder by country-year,Standard deviation/Mean of ladder by country-year,GINI index (World Bank estimate),"GINI index (World Bank estimate), average 2000-15","gini of household income reported in Gallup, by wp5-year",CPI,Crime Index,Safety Index,GDP,Happiness Rank,Happiness Score,Standard Error,Lower Confidence Interval,Upper Confidence Interval,Economy (GDP per Capita),Family,Health (Life Expectancy),Freedom,Trust (Government Corruption),Dystopia Residual,underFiveMortality,Life expectancy at birth (years),Life expectancy at age 60 (years)
2,2,Afghanistan,2010,4.75838089,7.386628627999999,0.539075196,50.00896072,0.60012722,0.0,0.706766069,0.61826545,0.275323808,0.299357414,-1.991809964,-1.617176056,1.878621817,0.394802749,,,0.327318162,0.0,0.0,0.0,15.325,0,0.0,0.0,0.0,0.0,0.0,0.0,0.0,0.0,0.0,0.0,90.2,58.8,15.7
12,12,Albania,2010,5.268936634,9.203025817999999,0.73315227,67.41369629,0.568958402,0.0,0.726261675,0.647908092,0.300060242,,-0.033830658,-0.246433005,1.862201214,0.35343018200000004,,0.30325,0.54352808,0.0,0.0,0.0,11.937999999999999,0,0.0,0.0,0.0,0.0,0.0,0.0,0.0,0.0,0.0,0.0,16.6,76.2,20.8
20,20,Algeria,2010,5.46356678,9.462700844,,64.29898071,0.592695832,0.0,0.618037879,,,,-1.140852928,-0.74009335,1.626279473,0.29765895,,0.276,0.492713004,0.0,0.0,0.0,161.207,0,0.0,0.0,0.0,0.0,0.0,0.0,0.0,0.0,0.0,0.0,27.3,74.7,21.4
34,34,Argentina,2010,6.441067219,9.836923599,0.926798582,66.55217743,0.730258167,0.0,0.8546954390000001,0.846135557,0.210975498,0.35185614200000004,0.138445795,-0.469284207,2.107838392,0.327249855,0.445,0.4760666670000001,0.366741836,0.0,0.0,0.0,424.728,0,0.0,0.0,0.0,0.0,0.0,0.0,0.0,0.0,0.0,0.0,14.5,75.5,20.8
46,46,Armenia,2010,4.3678112030000005,8.810287476000001,0.660342336,63.84191895,0.459256709,0.0,0.890629232,0.509669185,0.42649585,0.3555446270000001,-0.387849867,-0.264826328,2.092667818,0.479111314,0.311,0.325066667,0.385237962,0.0,0.0,0.0,9.26,0,0.0,0.0,0.0,0.0,0.0,0.0,0.0,0.0,0.0,0.0,18.1,73.5,19.0
57,57,Australia,2010,7.450047016,10.6306715,0.95451957,71.8523407,0.932058573,0.0,0.3661274020000001,0.8342362640000001,0.220073208,0.609752893,1.154312849,1.815897942,1.737801909,0.233260527,0.34700000000000003,0.34275,0.412946343,0.0,0.0,0.0,1249.5230000000001,0,0.0,0.0,0.0,0.0,0.0,0.0,0.0,0.0,0.0,0.0,4.8,81.9,24.7
67,67,Austria,2010,7.302678585,10.67785931,0.914193332,70.63227844,0.8959797620000001,0.0,0.546144843,0.8147191999999999,0.155792549,0.486446619,1.291469693,1.670084953,1.753247619,0.240082815,0.303,0.303818182,0.367440253,0.0,0.0,0.0,392.62300000000005,0,0.0,0.0,0.0,0.0,0.0,0.0,0.0,0.0,0.0,0.0,4.3,80.4,23.4
79,79,Azerbaijan,2010,4.218610764,9.677229881,0.68700099,62.05378342,0.501071095,0.0,0.8583466409999999,0.5269305710000001,0.271873325,0.697391331,-0.771567702,-0.829041004,1.893795133,0.448914409,,0.228833333,0.42364651,0.0,0.0,0.0,52.913000000000004,0,0.0,0.0,0.0,0.0,0.0,0.0,0.0,0.0,0.0,0.0,39.2,71.1,17.9
88,88,Bahrain,2010,5.936869144,10.61079693,0.877115071,65.27598572,0.8620029090000001,0.0,0.714620173,0.6845875379999999,0.4226707220000001,,-0.7296932340000001,0.447392017,1.5757116080000002,0.265411198,,,0.32520765100000004,0.0,0.0,0.0,25.713,0,0.0,0.0,0.0,0.0,0.0,0.0,0.0,0.0,0.0,0.0,8.6,76.1,19.1
100,100,Bangladesh,2010,4.858481407,7.800871372,0.5493984820000001,60.20746994,0.659005642,0.0,0.7735304829999999,0.628579915,0.292425215,0.6468728779999999,-0.846942365,-0.8606936340000001,1.930316091,0.397308528,0.321,0.329,0.450516969,0.0,0.0,0.0,122.039,0,0.0,0.0,0.0,0.0,0.0,0.0,0.0,0.0,0.0,0.0,49.4,69.9,18.4
112,112,Belarus,2010,5.525923252,9.694934845,0.918000162,62.58211517,0.700064421,0.0,0.70612061,0.566530406,0.208272159,0.589527249,-0.8250141740000001,-1.0022614,1.848742008,0.33455804,0.28600000000000003,0.281875,0.34602466200000004,0.0,0.0,0.0,57.22,0,0.0,0.0,0.0,0.0,0.0,0.0,0.0,0.0,0.0,0.0,5.5,70.3,17.6
123,123,Belgium,2010,6.853514194,10.62342072,0.930570185,71.16234589,0.806930244,0.0,0.697365582,0.8282585140000001,0.240364328,0.33651647,1.085666656,1.4451680180000002,1.603352189,0.233945996,0.284,0.28518181800000003,0.393780649,0.0,0.0,0.0,484.449,0,0.0,0.0,0.0,0.0,0.0,0.0,0.0,0.0,0.0,0.0,4.5,80.0,23.2
149,149,Bolivia,2010,5.780620097999999,8.595536232,0.80718559,57.61680222,0.703341067,0.0,0.781342506,0.766099572,0.349597335,0.376929045,-0.22733807600000006,-0.698642075,1.755123734,0.303622037,,0.531642857,0.405985564,0.0,0.0,0.0,19.785999999999998,0,0.0,0.0,0.0,0.0,0.0,0.0,0.0,0.0,0.0,0.0,0.0,0.0,0.0
159,159,Bosnia and Herzegovina,2010,4.66851759,9.181969643,0.772753716,66.9347229,0.364966899,0.0,0.933030069,0.516695261,0.409213185,,-0.388097316,-0.379276365,1.972827196,0.422581077,,0.32725,0.404770911,0.0,0.0,0.0,17.195999999999998,0,0.0,0.0,0.0,0.0,0.0,0.0,0.0,0.0,0.0,0.0,6.9,76.4,19.9
169,169,Botswana,2010,3.553020239,9.498086929,0.865624785,51.10305023,0.82621938,0.0,0.813985407,0.6902734640000001,0.172184274,0.741012573,0.723371565,0.651160479,1.943522573,0.547005773,,0.626,0.605166137,0.0,0.0,0.0,12.761,0,0.0,0.0,0.0,0.0,0.0,0.0,0.0,0.0,0.0,0.0,52.5,61.1,16.8
181,181,Brazil,2010,6.837331295,9.58459568,0.905528128,63.80070114,0.8059492709999999,0.0,0.6560360789999999,0.8166549209999999,0.249881223,0.511266649,0.29241237,0.051865902,2.255559444,0.32988885,,0.550214286,0.430273622,0.0,0.0,0.0,2207.534,0,0.0,0.0,0.0,0.0,0.0,0.0,0.0,0.0,0.0,0.0,19.8,73.8,20.7
190,190,Bulgaria,2010,3.912276268,9.634508132999999,0.84327203,65.56493378,0.544536412,0.0,0.940970004,0.545823634,0.237594187,0.365285963,0.445788413,0.12751296199999998,1.968556523,0.503174186,0.35700000000000004,0.35466666700000005,0.376450181,0.0,0.0,0.0,50.611000000000004,0,0.0,0.0,0.0,0.0,0.0,0.0,0.0,0.0,0.0,0.0,10.8,73.4,18.9
201,201,Burkina Faso,2010,4.035560608,7.260787963999999,0.773103535,49.15058899,0.586580753,0.0,0.767335117,0.5900391939999999,0.216673478,0.546770215,-0.185293704,-0.317587197,1.400048018,0.34692776200000003,,0.394666667,0.497239649,0.0,0.0,0.0,8.963,0,0.0,0.0,0.0,0.0,0.0,0.0,0.0,0.0,0.0,0.0,116.4,57.5,15.2
217,217,Cambodia,2010,4.141072273,7.833174706,0.69716382,56.27223206,0.940131187,0.0,0.895714462,0.774444818,0.421966344,0.895580769,-0.714119852,-0.944968104,1.4821908469999998,0.35792440200000003,,,0.475642741,0.0,0.0,0.0,11.232000000000001,0,0.0,0.0,0.0,0.0,0.0,0.0,0.0,0.0,0.0,0.0,44.4,66.6,16.9
229,229,Cameroon,2010,4.554256916,7.982699394,0.7586407070000001,47.48669815,0.792220175,0.0,0.8747186659999999,0.606357396,0.273786336,0.513922989,-0.897624373,-0.941636622,1.602811694,0.35193702600000004,,0.438,0.494476914,0.0,0.0,0.0,26.193,0,0.0,0.0,0.0,0.0,0.0,0.0,0.0,0.0,0.0,0.0,108.3,55.3,16.2
241,241,Canada,2010,7.650346279,10.6139679,0.953765452,71.29541779,0.933948815,0.0,0.412659585,0.878867686,0.233112857,0.551076472,1.14445734,1.838643909,1.749785304,0.228719756,0.336,0.3368,0.710133135,0.0,0.0,0.0,1613.463,0,0.0,0.0,0.0,0.0,0.0,0.0,0.0,0.0,0.0,0.0,5.6,81.2,24.3
249,249,Central African Republic,2010,3.5678925510000004,6.788980007,0.483333886,40.07659531,0.689950883,0.0,0.845376968,0.5230062010000001,0.256705284,0.7522089479999999,-1.562421799,-1.19275558,1.5019121169999998,0.420952171,,0.499,0.552912951,0.0,0.0,0.0,1.986,0,0.0,0.0,0.0,0.0,0.0,0.0,0.0,0.0,0.0,0.0,148.9,49.2,15.5
257,257,Chad,2010,3.742871046,7.562782764,0.733713627,43.3152771,0.504612565,0.0,0.857664049,0.5448830720000001,0.287240535,0.319014966,-1.4425781969999998,-1.354748368,1.336402774,0.35705286299999994,,0.4155,0.527852058,0.0,0.0,0.0,10.682,0,0.0,0.0,0.0,0.0,0.0,0.0,0.0,0.0,0.0,0.0,149.7,51.2,15.6
269,269,Chile,2010,6.63565588,9.875193596,0.85695523,68.52030945,0.7863674759999999,0.0,0.701824725,0.8091729879999999,0.300116688,0.478705615,0.887606621,1.385960937,2.18349123,0.329054326,,0.491571429,0.452481776,0.0,0.0,0.0,218.31099999999998,0,0.0,0.0,0.0,0.0,0.0,0.0,0.0,0.0,0.0,0.0,8.7,79.1,23.3
281,281,China,2010,4.652736664,9.161761283999999,0.767752588,68.24126434,0.8047935959999999,0.0,,0.76526463,0.158099651,,-1.168804526,-0.27923032600000003,1.881779432,0.404445708,,0.425,0.477512449,0.0,0.0,0.0,6066.351,0,0.0,0.0,0.0,0.0,0.0,0.0,0.0,0.0,0.0,0.0,15.7,75.0,19.3
293,293,Colombia,2010,6.40811348,9.296564102,0.892992675,63.07895279,0.8161211009999999,0.0,0.814524472,0.83062613,0.264659166,0.5517494079999999,-0.834782004,-0.124936074,2.5642235280000003,0.400152653,0.555,0.5525,0.467719555,0.0,0.0,0.0,286.954,0,0.0,0.0,0.0,0.0,0.0,0.0,0.0,0.0,0.0,0.0,18.6,73.6,20.9
302,302,Comoros,2010,3.81219101,7.253118515,0.721342921,52.86927414,0.5286752579999999,0.0,0.741181731,0.72750777,0.17794805800000002,0.404844582,-0.492613316,-1.254994631,1.662415028,0.436078638,,0.5045,0.415379196,0.0,0.0,0.0,0.544,0,0.0,0.0,0.0,0.0,0.0,0.0,0.0,0.0,0.0,0.0,88.2,61.8,16.0
325,325,Costa Rica,2010,7.271053791,9.472703934,0.915141284,68.76647949,0.8810296059999999,0.0,0.7625872490000001,0.886287093,0.22124125100000006,0.532538593,0.8657133579999999,0.501267374,1.941182613,0.266974032,0.481,0.4913125,0.4334879820000001,0.0,0.0,0.0,37.634,0,0.0,0.0,0.0,0.0,0.0,0.0,0.0,0.0,0.0,0.0,10.2,78.1,23.0
335,335,Croatia,2010,5.595575332999999,9.909374237,0.7963916059999999,66.6710434,0.564372659,0.0,0.972738981,0.606828213,0.258886874,,0.542445958,0.3644674120000001,1.99256587,0.356096685,0.324,0.323333333,0.33689153200000005,0.0,0.0,0.0,59.83,0,0.0,0.0,0.0,0.0,0.0,0.0,0.0,0.0,0.0,0.0,5.5,76.6,20.4
346,346,Cyprus,2010,6.386546135,10.43238258,0.822123706,71.64007568,0.7553628090000001,0.0,0.833427012,0.786111474,0.295705855,0.452459902,0.7379177809999999,1.286564708,2.211576223,0.346286744,0.315,0.32490909100000004,0.416498661,0.0,0.0,0.0,25.609,0,0.0,0.0,0.0,0.0,0.0,0.0,0.0,0.0,0.0,0.0,3.6,79.5,21.7
356,356,Czech Republic,2010,6.249617577,10.25248623,0.934161127,68.49080658,0.77911222,0.0,0.925964117,0.641369283,0.244084343,0.334044516,1.002025723,0.87146014,1.881542683,0.301065236,0.266,0.264727273,0.26753065,0.0,0.0,0.0,207.47799999999998,0,0.0,0.0,0.0,0.0,0.0,0.0,0.0,0.0,0.0,0.0,0.0,0.0,0.0
368,368,Denmark,2010,7.770515442000001,10.69190979,0.974977076,69.21250153,0.943630815,0.0,0.174896091,0.7848266359999999,0.154562935,0.586689413,1.291459203,2.057426929,1.5172172780000002,0.195253104,0.273,0.267090909,0.434082836,0.0,0.0,0.0,321.995,0,0.0,0.0,0.0,0.0,0.0,0.0,0.0,0.0,0.0,0.0,4.1,79.2,22.3
378,378,Djibouti,2010,5.005810738,7.8765296939999985,,51.46016312,0.763730347,0.0,0.596910238,,,0.692277551,-0.506094754,-0.683047712,2.154896736,0.430479079,,0.430666667,,0.0,0.0,0.0,1.099,0,0.0,0.0,0.0,0.0,0.0,0.0,0.0,0.0,0.0,0.0,76.5,61.3,17.3
384,384,Dominican Republic,2010,4.735021113999999,9.316818237,0.859969318,62.35275269,0.823902845,0.0,0.779742122,0.787005663,0.281694859,0.450313658,0.014453799999999998,-0.6119472979999999,3.222717524,0.6806131009999999,0.472,0.4886875,0.523203552,0.0,0.0,0.0,53.893,0,0.0,0.0,0.0,0.0,0.0,0.0,0.0,0.0,0.0,0.0,34.4,72.7,21.5
396,396,Ecuador,2010,5.838051319,9.143382072,0.839279711,66.0293808,0.723079085,0.0,0.80563885,0.826495051,0.220013708,0.4100005920000001,-0.408879876,-0.966148257,1.947734952,0.333627582,0.493,0.505928571,0.380618215,0.0,0.0,0.0,69.555,0,0.0,0.0,0.0,0.0,0.0,0.0,0.0,0.0,0.0,0.0,25.1,75.0,22.4
408,408,Egypt,2010,4.668916225,9.19598484,0.768675268,60.43417358,0.486279041,0.0,0.826335192,0.566759109,0.276345611,,-1.043235898,-0.338999361,2.106298923,0.451132298,0.315,0.3122,0.411794752,0.0,0.0,0.0,230.024,0,0.0,0.0,0.0,0.0,0.0,0.0,0.0,0.0,0.0,0.0,29.1,70.0,17.1
420,420,El Salvador,2010,6.739911079,8.895611763,0.756653905,62.71142197,0.669337869,0.0,0.6941800709999999,0.813811123,0.302185982,0.522518575,0.065193266,-0.179779112,2.159883976,0.32046178,0.445,0.4611875,0.452941388,0.0,0.0,0.0,21.418000000000003,0,0.0,0.0,0.0,0.0,0.0,0.0,0.0,0.0,0.0,0.0,19.2,72.0,21.0
447,447,Finland,2010,7.393264294,10.59283066,0.935481369,70.01014709,0.916009128,0.0,0.4125157,0.832108617,0.202094659,0.46184361,1.4551599030000002,2.0583732130000003,1.6717381480000002,0.226116374,0.277,0.275909091,0.403238714,0.0,0.0,0.0,248.262,0,0.0,0.0,0.0,0.0,0.0,0.0,0.0,0.0,0.0,0.0,3.0,79.9,23.3
459,459,France,2010,6.797901154,10.51521397,0.942954779,71.70446014,0.8497021790000001,0.0,0.622954249,0.789724112,0.260568112,0.401466221,0.941972136,1.432198167,1.757904291,0.258595139,0.337,0.3203,0.362922639,0.0,0.0,0.0,2651.772,0,0.0,0.0,0.0,0.0,0.0,0.0,0.0,0.0,0.0,0.0,4.2,81.3,24.8
478,478,Georgia,2010,4.101837158,8.814892769,0.540388942,63.68072128,0.557857931,0.0,0.459736317,0.501790285,0.242536306,0.616302013,-0.439605951,0.175360844,1.870545626,0.456026286,0.421,0.4034375,0.480516016,0.0,0.0,0.0,11.638,0,0.0,0.0,0.0,0.0,0.0,0.0,0.0,0.0,0.0,0.0,16.5,73.8,19.3
490,490,Germany,2010,6.724531174,10.60729599,0.939308643,70.11277008,0.842656434,0.0,0.688005984,0.793705821,0.182344139,0.395424008,1.047309041,1.637933135,1.861712337,0.276853859,0.307,0.311571429,0.465919226,0.0,0.0,0.0,3423.466,0,0.0,0.0,0.0,0.0,0.0,0.0,0.0,0.0,0.0,0.0,4.2,80.1,23.1
502,502,Ghana,2010,4.606251717,8.025979042000001,0.73855865,53.03647614,0.8911299109999999,0.0,0.8748491409999999,0.7833997009999999,0.184128717,0.747062862,0.27041164,0.015378864,1.76999855,0.384260058,,0.425,0.555454433,0.0,0.0,0.0,32.174,0,0.0,0.0,0.0,0.0,0.0,0.0,0.0,0.0,0.0,0.0,74.7,60.9,15.8
513,513,Greece,2010,5.839558601,10.2655611,0.8684224490000001,70.46338654,0.484110981,0.0,0.954113841,0.633947492,0.291516393,0.236502409,0.385255605,0.443356991,2.279255152,0.39031291,0.341,0.346909091,0.323342144,0.0,0.0,0.0,299.91900000000004,0,0.0,0.0,0.0,0.0,0.0,0.0,0.0,0.0,0.0,0.0,3.9,80.3,23.5
525,525,Guatemala,2010,6.289748669,8.811959267,0.859052479,61.47146606,0.695862949,0.0,0.7948353890000001,0.8499333859999999,0.235617921,0.340046316,-0.578116119,-0.585787475,2.417742252,0.384394109,,0.52675,0.492923021,0.0,0.0,0.0,41.338,0,0.0,0.0,0.0,0.0,0.0,0.0,0.0,0.0,0.0,0.0,35.4,70.7,20.8
543,543,Haiti,2010,3.76599884,7.314574717999999,0.5540307760000001,51.37364578,0.372941315,0.0,0.848006785,0.554959655,0.292556822,0.156370804,-0.825914204,-1.303879023,1.5597563980000002,0.41416806,,0.409,0.553031921,0.0,0.0,0.0,6.62,0,0.0,0.0,0.0,0.0,0.0,0.0,0.0,0.0,0.0,0.0,208.0,36.3,10.3
555,555,Honduras,2010,5.8661313060000015,8.286819458,0.802938998,62.61193466,0.645528495,0.0,0.81994009,0.7965185640000001,0.259946257,0.302966446,-0.500260293,-0.658695221,2.680955172,0.457022697,0.534,0.5556,0.490092784,0.0,0.0,0.0,15.73,0,0.0,0.0,0.0,0.0,0.0,0.0,0.0,0.0,0.0,0.0,23.4,73.6,21.8
566,566,Hong Kong S.A.R. of China,2010,5.642834663,10.78119755,0.8573144079999999,74.82739258,0.890417695,0.0,0.255775422,0.7103704209999999,0.183105648,0.634736776,0.7253264190000001,1.76560545,1.746619105,0.309528679,,,0.435543567,0.0,0.0,0.0,0.0,0,0.0,0.0,0.0,0.0,0.0,0.0,0.0,0.0,0.0,0.0,0.0,0.0,0.0
575,575,Hungary,2010,4.725132465,10.01700497,0.895693719,65.30243683,0.513835371,0.0,0.98327601,0.6558164360000001,0.234813049,0.251568109,0.7899932270000001,0.707273602,1.973756313,0.417714506,0.294,0.296818182,0.322203815,0.0,0.0,0.0,130.925,0,0.0,0.0,0.0,0.0,0.0,0.0,0.0,0.0,0.0,0.0,6.0,74.5,19.6
593,593,India,2010,4.989277363,8.390426636,0.6048097610000001,57.55266571,0.783060372,0.0,0.8625480529999999,0.6965123409999999,0.26650202300000003,0.667365491,-0.417356074,-0.214537695,1.941854835,0.389205635,,0.35200000000000004,0.480930597,0.0,0.0,0.0,1708.46,0,0.0,0.0,0.0,0.0,0.0,0.0,0.0,0.0,0.0,0.0,58.8,66.4,17.4
605,605,Indonesia,2010,5.457299232,9.039966583,0.816021502,59.5136528,0.699657559,0.0,0.954049587,0.8366748690000001,0.217907995,0.64145273,-0.445845187,-0.505380094,1.5985764269999998,0.292924464,,0.395,0.494106472,0.0,0.0,0.0,755.2560000000001,0,0.0,0.0,0.0,0.0,0.0,0.0,0.0,0.0,0.0,0.0,33.3,68.1,16.4
625,625,Iraq,2010,5.065462112,9.450741768,0.854117811,59.67731857,0.419064105,0.0,0.858734667,0.541775107,0.430934399,0.340983748,-1.6155608890000002,-1.266199231,1.7132656569999998,0.33822494700000005,,0.2905,0.279507458,0.0,0.0,0.0,138.517,0,0.0,0.0,0.0,0.0,0.0,0.0,0.0,0.0,0.0,0.0,36.9,70.6,18.4
636,636,Ireland,2010,7.257389545,10.69263554,0.972885907,70.77552032,0.85602957,0.0,0.618024111,0.875982642,0.200655416,0.332579374,1.17229867,1.6066871880000002,1.905356526,0.26254019100000003,0.32299999999999995,0.325545455,0.575250983,0.0,0.0,0.0,222.333,0,0.0,0.0,0.0,0.0,0.0,0.0,0.0,0.0,0.0,0.0,4.2,80.6,23.5
648,648,Israel,2010,7.358916282999999,10.30034924,0.881829858,71.65092468,0.5614779000000001,0.0,0.902182698,0.67945838,0.362394363,0.448931694,-0.378653169,1.069919825,1.592490673,0.216402873,0.425,0.411,0.25077647,0.0,0.0,0.0,233.611,0,0.0,0.0,0.0,0.0,0.0,0.0,0.0,0.0,0.0,0.0,4.6,81.7,24.4
660,660,Italy,2010,6.354238033,10.4968462,0.8723841309999999,72.15266418,0.737738907,0.0,0.921075165,0.596380711,0.235879943,0.333916396,0.718360543,0.473874211,1.958520412,0.30822271100000004,0.343,0.34127272700000005,0.333891571,0.0,0.0,0.0,2129.02,0,0.0,0.0,0.0,0.0,0.0,0.0,0.0,0.0,0.0,0.0,4.0,81.8,24.4
683,683,Japan,2010,6.056752682000001,10.48429871,0.901924908,73.96668243,0.7717223759999999,0.0,0.769557059,0.827118337,0.187703073,0.27027148,0.960023105,1.358309865,1.978432059,0.32664898,,0.321,0.330657125,0.0,0.0,0.0,5700.098000000001,0,0.0,0.0,0.0,0.0,0.0,0.0,0.0,0.0,0.0,0.0,3.2,83.0,25.6
695,695,Jordan,2010,5.5699424739999985,9.156176567000001,0.917988896,63.51428604,0.788073123,0.0,,0.643088937,0.343418747,,-0.555909395,0.140978187,2.232982159,0.400898606,0.337,0.343,0.332173109,0.0,0.0,0.0,26.425,0,0.0,0.0,0.0,0.0,0.0,0.0,0.0,0.0,0.0,0.0,21.1,73.4,18.7
707,707,Kazakhstan,2010,5.514286518,9.908321381,0.90378648,60.2606163,0.784851849,0.0,0.82270366,0.691866517,0.148950696,0.706021845,-0.304625303,-0.594972014,1.839565039,0.33359983600000004,0.28600000000000003,0.295066667,0.361889154,0.0,0.0,0.0,148.047,0,0.0,0.0,0.0,0.0,0.0,0.0,0.0,0.0,0.0,0.0,21.5,67.8,16.6
719,719,Kenya,2010,4.255859375,7.8143363,0.805326462,54.64051819,0.635457218,0.0,0.917921245,0.819121718,0.12320178,0.343885571,-0.6922394040000001,-0.622794569,1.580383301,0.371342927,,0.485,0.580105424,0.0,0.0,0.0,40.0,0,0.0,0.0,0.0,0.0,0.0,0.0,0.0,0.0,0.0,0.0,62.2,60.3,16.6
730,730,Kosovo,2010,5.17660141,8.978047371,0.707958877,60.70430756,0.451443791,0.0,0.967271745,0.69517827,0.117717423,,,,2.001212358,0.386588067,,,0.409900784,0.0,0.0,0.0,5.841,0,0.0,0.0,0.0,0.0,0.0,0.0,0.0,0.0,0.0,0.0,0.0,0.0,0.0
740,740,Kuwait,2010,6.798151016,11.22796154,0.892722309,64.62863922,0.703019738,0.0,0.486111403,0.717979968,0.203395993,,-0.036223382,0.305634946,1.477224588,0.217298001,,,0.339821249,0.0,0.0,0.0,115.40100000000001,0,0.0,0.0,0.0,0.0,0.0,0.0,0.0,0.0,0.0,0.0,10.8,74.0,17.5
752,752,Kyrgyzstan,2010,4.996410847,7.933857917999999,0.885362923,61.26522064,0.7200511690000001,0.0,0.925793588,0.649521708,0.12346255,0.30062094300000003,-0.986993611,-0.8357643490000001,1.549441218,0.310110837,0.301,0.306375,0.375289708,0.0,0.0,0.0,0.0,0,0.0,0.0,0.0,0.0,0.0,0.0,0.0,0.0,0.0,0.0,29.6,68.8,17.0
781,781,Lebanon,2010,5.031899452,9.708188057000001,0.7214247579999999,67.73925781,0.67763871,0.0,0.949062884,0.525078058,0.341205537,,-0.978156686,-0.451926082,2.298082829,0.456702858,,0.318,0.387687266,0.0,0.0,0.0,38.42,0,0.0,0.0,0.0,0.0,0.0,0.0,0.0,0.0,0.0,0.0,10.3,74.9,18.8
793,793,Liberia,2010,4.196063042,6.550585747,0.827098727,49.99171829,0.81900537,0.0,0.81842953,0.595008373,0.216883108,0.539702713,-0.339957416,-0.964233398,1.662302613,0.396157682,,0.3485,,0.0,0.0,0.0,1.9980000000000002,0,0.0,0.0,0.0,0.0,0.0,0.0,0.0,0.0,0.0,0.0,89.3,59.7,15.6
806,806,Lithuania,2010,5.065824986,9.955571175,0.8818106059999999,64.35728455,0.519352257,0.0,0.962167203,0.473149508,0.27202931,0.114503264,0.8154476279999999,0.716123462,1.983343363,0.391514391,0.336,0.353090909,0.32577225600000004,0.0,0.0,0.0,37.2,0,0.0,0.0,0.0,0.0,0.0,0.0,0.0,0.0,0.0,0.0,6.1,72.4,18.9
815,815,Luxembourg,2010,7.097251892,11.42674923,0.952371716,70.79856873,0.908303082,0.0,0.423341334,0.808782876,0.216064394,0.768445313,1.518027306,1.824003339,1.67573595,0.236110538,0.305,0.315363636,0.336977035,0.0,0.0,0.0,53.312,0,0.0,0.0,0.0,0.0,0.0,0.0,0.0,0.0,0.0,0.0,2.8,80.6,23.3
825,825,Macedonia,2010,4.180202007,9.337436676,0.68685478,64.78777313,0.513183951,0.0,0.8564526440000001,0.566944242,0.313819051,,-0.201765716,-0.028555566,2.165469646,0.5180299279999999,0.428,0.390166667,0.387458742,0.0,0.0,0.0,0.0,0,0.0,0.0,0.0,0.0,0.0,0.0,0.0,0.0,0.0,0.0,0.0,0.0,0.0
856,856,Malaysia,2010,5.580281734,9.957372665,0.839095771,64.24809265,0.7691906690000001,0.0,0.843691051,0.8324479459999999,0.191947669,0.7336221340000001,-0.178312987,0.569223166,1.49690187,0.268248439,,0.461,0.431669295,0.0,0.0,0.0,255.024,0,0.0,0.0,0.0,0.0,0.0,0.0,0.0,0.0,0.0,0.0,7.9,74.1,19.0
865,865,Mali,2010,3.762305021,7.534754276,0.750922263,46.50926971,0.749049723,0.0,0.810591161,0.7965254190000001,0.16166617,0.706663907,-0.012395941,-0.621339619,1.536085367,0.408283055,,0.372666667,0.512073338,0.0,0.0,0.0,10.699000000000002,0,0.0,0.0,0.0,0.0,0.0,0.0,0.0,0.0,0.0,0.0,136.5,56.5,15.8
874,874,Malta,2010,5.77387476,10.25166607,0.9083215,71.34848022,0.802044392,0.0,,0.69691956,0.375302672,0.41225192,1.210334539,1.207653165,2.283311844,0.395455718,,,0.5168569679999999,0.0,0.0,0.0,8.757,0,0.0,0.0,0.0,0.0,0.0,0.0,0.0,0.0,0.0,0.0,6.8,80.3,23.0
885,885,Mauritania,2010,4.772306919,8.106808662,0.856507838,52.11781693,0.66893059,0.0,0.72736448,0.777994037,0.128675625,0.493744522,-0.992717862,-0.8508887890000001,1.570304751,0.32904520600000003,,0.36825,0.3760037120000001,0.0,0.0,0.0,4.33,0,0.0,0.0,0.0,0.0,0.0,0.0,0.0,0.0,0.0,0.0,97.4,62.0,16.4
901,901,Mexico,2010,6.802388668,9.650847435,0.876389682,67.02984619,0.778120756,0.0,0.6928918959999999,0.8400591609999999,0.215494677,0.37198627,-0.273978293,-0.12431024,2.145824432,0.315451592,0.481,0.48475,0.419643879,0.0,0.0,0.0,1057.8010000000002,0,0.0,0.0,0.0,0.0,0.0,0.0,0.0,0.0,0.0,0.0,17.3,75.6,21.6
913,913,Moldova,2010,5.589736462,8.271512985,0.847094715,61.67847061,0.598484814,0.0,0.929309428,0.583790004,0.277520359,0.270747125,-0.218290031,-0.450656593,1.977541924,0.353780895,0.32,0.3299375,0.381671816,0.0,0.0,0.0,5.813,0,0.0,0.0,0.0,0.0,0.0,0.0,0.0,0.0,0.0,0.0,0.0,0.0,0.0
923,923,Mongolia,2010,4.585523605,8.950092316000001,0.904177845,60.39901352,0.6309666039999999,0.0,0.927568316,0.7124249340000001,0.150025174,0.313886613,0.3427494170000001,-0.476986915,1.746401429,0.38085103,0.331,0.335833333,,0.0,0.0,0.0,7.185,0,0.0,0.0,0.0,0.0,0.0,0.0,0.0,0.0,0.0,0.0,26.1,66.3,15.7
933,933,Montenegro,2010,5.455030441,9.549274445,0.8045493359999999,65.30833435,0.5521036979999999,0.0,0.757207215,0.59465903,0.410302103,,0.386984617,-0.047848802,1.76571703,0.323686004,0.289,0.3093,0.351280659,0.0,0.0,0.0,4.147,0,0.0,0.0,0.0,0.0,0.0,0.0,0.0,0.0,0.0,0.0,6.8,75.3,19.3
941,941,Morocco,2010,4.383247375,8.770789146,,63.52683639999999,0.662900388,0.0,0.9004530909999999,,,,-0.540801466,-0.140431762,1.5530258419999998,0.35430941,,0.4065,,0.0,0.0,0.0,93.21700000000001,0,0.0,0.0,0.0,0.0,0.0,0.0,0.0,0.0,0.0,0.0,33.5,72.8,18.8
967,967,Nepal,2010,4.349675179,7.593867779,0.7790380720000001,58.92205811,0.519062638,0.0,0.910801888,0.672458351,0.225972995,0.45481205,-1.015731931,-0.815497875,1.821636438,0.418798268,0.328,0.383,0.571846128,0.0,0.0,0.0,16.002,0,0.0,0.0,0.0,0.0,0.0,0.0,0.0,0.0,0.0,0.0,47.0,68.0,17.0
978,978,Netherlands,2010,7.501875877000001,10.72600937,0.956536889,70.73917389,0.921448231,0.0,0.398591846,0.8532338140000001,0.206079304,0.636186302,1.195659637,1.856004,1.336109757,0.178103417,0.279,0.286909091,0.464674622,0.0,0.0,0.0,837.949,0,0.0,0.0,0.0,0.0,0.0,0.0,0.0,0.0,0.0,0.0,4.5,80.8,23.4
989,989,New Zealand,2010,7.223756312999999,10.38136387,0.975642204,70.86067963,0.917752504,0.0,0.32074818,0.84723419,0.234758481,0.6391351820000001,1.3719973559999998,1.959680557,1.686340332,0.233443692,,,0.426387578,0.0,0.0,0.0,145.31,0,0.0,0.0,0.0,0.0,0.0,0.0,0.0,0.0,0.0,0.0,6.2,80.9,24.2
1001,1001,Nicaragua,2010,5.68669939,8.30120182,0.86315155,64.51931,0.791773319,0.0,0.8017289040000001,0.805376172,0.268023372,0.4033497270000001,-0.488672405,-0.7066435809999999,2.523769379,0.443802148,,0.48275,0.49160099,0.0,0.0,0.0,8.759,0,0.0,0.0,0.0,0.0,0.0,0.0,0.0,0.0,0.0,0.0,24.6,73.2,20.8
1013,1013,Niger,2010,4.101016045,6.70193243,0.654964983,48.1740799,0.817219734,0.0,0.528980315,0.7454799409999999,0.125837803,0.779490769,-0.913854659,-0.580057144,1.246915698,0.30405044600000003,,0.368,0.42472434,0.0,0.0,0.0,5.729,0,0.0,0.0,0.0,0.0,0.0,0.0,0.0,0.0,0.0,0.0,123.3,58.2,15.6
1025,1025,Nigeria,2010,4.760275841,8.546782494,0.823823035,43.30582428,0.565351069,0.0,0.910719037,0.782049537,0.19034341,0.288010925,-1.494105101,-1.024875164,1.9229002,0.403947234,,0.4155,0.43065536,0.0,0.0,0.0,369.06199999999995,0,0.0,0.0,0.0,0.0,0.0,0.0,0.0,0.0,0.0,0.0,129.6,52.0,14.0
1048,1048,Pakistan,2010,5.786132812999999,8.362550735,0.571315944,56.12927246,0.364205927,0.0,0.8516559000000001,0.650707901,0.3719414170000001,0.30821377,-1.737298131,-0.797191441,2.353924513,0.406821728,0.298,0.312571429,0.410454541,0.0,0.0,0.0,177.166,0,0.0,0.0,0.0,0.0,0.0,0.0,0.0,0.0,0.0,0.0,92.1,65.1,17.7
1060,1060,Palestinian Territories,2010,4.702603817,8.333919525,0.82174629,62.25,0.5042622689999999,0.0,0.752414644,0.627587855,0.381490052,0.50920409,,,2.146264076,0.456399083,,,0.419720232,0.0,0.0,0.0,0.0,0,0.0,0.0,0.0,0.0,0.0,0.0,0.0,0.0,0.0,0.0,0.0,0.0,0.0
1072,1072,Panama,2010,7.321467399999999,9.643378258,0.92753309,66.87400055,0.754523695,0.0,0.87982583,0.887584686,0.146368757,0.536404312,0.210575163,0.030859461,1.995635629,0.272573173,0.519,0.53675,0.429136604,0.0,0.0,0.0,30.15,0,0.0,0.0,0.0,0.0,0.0,0.0,0.0,0.0,0.0,0.0,19.7,76.5,23.1
1084,1084,Paraguay,2010,5.841174126,8.894191742,0.889152765,62.65847778,0.7262623909999999,0.0,0.779914618,0.8552303309999999,0.17585946600000002,0.479620606,-0.456897646,-0.720114648,1.958678484,0.335322738,0.518,0.519066667,0.5495468379999999,0.0,0.0,0.0,20.048,0,0.0,0.0,0.0,0.0,0.0,0.0,0.0,0.0,0.0,0.0,24.1,73.2,20.8
1095,1095,Peru,2010,5.612785338999998,9.205986977,0.811914384,64.08625793,0.7567064170000001,0.0,0.8805941340000001,0.7995345,0.330243468,0.192308694,-0.444388956,-0.133142605,2.120662689,0.377827138,0.462,0.4891875,0.426946193,0.0,0.0,0.0,148.013,0,0.0,0.0,0.0,0.0,0.0,0.0,0.0,0.0,0.0,0.0,20.3,73.7,20.6
1107,1107,Philippines,2010,4.941514015,8.629957199,0.804861128,59.44197083,0.8933505420000001,0.0,0.812448382,0.8755288720000001,0.293918312,0.554057181,-0.8449310659999999,-0.3862616720000001,2.106217146,0.426229119,,0.418833333,0.608070076,0.0,0.0,0.0,199.59099999999998,0,0.0,0.0,0.0,0.0,0.0,0.0,0.0,0.0,0.0,0.0,31.9,67.9,17.0
1118,1118,Poland,2010,5.887029648,9.98831749,0.95506531,66.34422302,0.794900477,0.0,0.904697299,0.736897647,0.234237015,0.333801061,1.02746582,0.700623572,1.935959458,0.32885167,0.332,0.334733333,0.392158389,0.0,0.0,0.0,479.161,0,0.0,0.0,0.0,0.0,0.0,0.0,0.0,0.0,0.0,0.0,6.0,76.3,20.9
1128,1128,Portugal,2010,5.094525814,10.21238518,0.863906741,69.27043152,0.721036375,0.0,0.947879434,0.741612136,0.265107363,0.26326957300000003,0.912445009,0.969256222,2.0685172080000003,0.406027436,0.358,0.3670000000000001,0.438607901,0.0,0.0,0.0,238.748,0,0.0,0.0,0.0,0.0,0.0,0.0,0.0,0.0,0.0,0.0,3.9,79.6,23.0
1137,1137,Qatar,2010,6.849652767,11.73719501,,66.82978821,,0.0,,,,,0.070845008,0.925529718,2.023531675,0.295421064,,,0.454522252,0.0,0.0,0.0,125.12200000000001,0,0.0,0.0,0.0,0.0,0.0,0.0,0.0,0.0,0.0,0.0,9.0,77.3,20.6
1144,1144,Romania,2010,4.909165859,9.787962914,0.689065635,65.51707458,0.5655367370000001,0.0,0.973686337,0.596489191,0.34447822,0.093852684,0.352862179,0.049760837,2.333918571,0.475420594,0.282,0.290928571,0.432899684,0.0,0.0,0.0,166.658,0,0.0,0.0,0.0,0.0,0.0,0.0,0.0,0.0,0.0,0.0,11.5,73.4,19.2
1156,1156,Russia,2010,5.384773254,10.047925,0.908814192,60.85963058,0.613159001,0.0,0.936571956,0.58897537,0.17142096199999998,0.51499486,-0.909215808,-0.669390619,1.980604172,0.367815703,0.395,0.39925,0.3483181,0.0,0.0,0.0,1638.463,0,0.0,0.0,0.0,0.0,0.0,0.0,0.0,0.0,0.0,0.0,0.0,0.0,0.0
1177,1177,Saudi Arabia,2010,6.307098389,10.72373486,0.87959832,63.03302002,0.677777231,0.0,,0.64508909,0.297208935,,-1.007395387,0.087464184,2.22551012,0.35285800700000003,,,0.361423135,0.0,0.0,0.0,526.811,0,0.0,0.0,0.0,0.0,0.0,0.0,0.0,0.0,0.0,0.0,15.7,73.7,18.3
1189,1189,Senegal,2010,4.372156143,7.688910961,0.76029408,55.07187271,0.777262628,0.0,0.8505348559999999,0.76881212,0.142737702,0.285449982,-0.342831403,-0.473749876,1.532973766,0.350621909,,0.402333333,0.409382224,0.0,0.0,0.0,12.948,0,0.0,0.0,0.0,0.0,0.0,0.0,0.0,0.0,0.0,0.0,66.8,64.3,16.4
1199,1199,Serbia,2010,4.461304188,9.448414803,0.725563347,64.4250412,0.462647259,0.0,0.96547246,0.5322023029999999,0.415409207,,-0.067637593,-0.184058115,2.00103879,0.448532254,0.29600000000000004,0.3059,0.410795838,0.0,0.0,0.0,39.035,0,0.0,0.0,0.0,0.0,0.0,0.0,0.0,0.0,0.0,0.0,7.6,74.4,18.7
1210,1210,Sierra Leone,2010,4.133955956,7.104324341,0.811872959,40.8753891,0.7262688279999999,0.0,0.910440624,0.513531804,0.290469229,0.6515479679999999,-0.197247222,-0.915017068,2.572415829,0.622264922,,0.371,,0.0,0.0,0.0,2.5780000000000003,0,0.0,0.0,0.0,0.0,0.0,0.0,0.0,0.0,0.0,0.0,159.7,48.1,12.8
1221,1221,Singapore,2010,6.531401634,11.18588448,0.864162147,74.66447449,0.846184611,0.0,0.060282066,0.602475941,0.131343439,0.904517174,0.480224341,1.958239675,1.48147881,0.22682403,,,0.436413288,0.0,0.0,0.0,236.42,0,0.0,0.0,0.0,0.0,0.0,0.0,0.0,0.0,0.0,0.0,2.8,82.0,24.5
1229,1229,Slovakia,2010,6.052223206,10.13297367,0.919640005,66.21733093,0.635757685,0.0,0.907136023,0.666457951,0.277206749,0.308679521,0.982111931,0.6760181190000001,1.881704569,0.310911298,0.273,0.267454545,0.276067674,0.0,0.0,0.0,0.0,0,0.0,0.0,0.0,0.0,0.0,0.0,0.0,0.0,0.0,0.0,7.0,75.1,19.6
1239,1239,Slovenia,2010,6.082555294,10.26389885,0.917203367,69.49420929,0.8955224159999999,0.0,0.844790697,0.67081368,0.295366138,0.331916302,0.957573533,0.9297418,2.168138504,0.356451929,0.249,0.249090909,0.3676636820000001,0.0,0.0,0.0,48.103,0,0.0,0.0,0.0,0.0,0.0,0.0,0.0,0.0,0.0,0.0,3.2,79.5,22.7
1251,1251,Somaliland region,2010,4.657363415,,0.829004526,,0.820181906,0.0,0.471094489,0.769374847,0.08342576,0.587192237,,,1.6859935519999998,0.362006009,,,0.436828256,0.0,0.0,0.0,0.0,0,0.0,0.0,0.0,0.0,0.0,0.0,0.0,0.0,0.0,0.0,0.0,0.0,0.0
1258,1258,South Africa,2010,4.652428627,9.395070076,0.917056024,48.29406738,0.7389059659999999,0.0,0.79062891,0.793740094,0.123753376,0.593964458,0.286321342,0.257048637,1.890274644,0.406298459,,0.6225,0.537494361,0.0,0.0,0.0,375.30400000000003,0,0.0,0.0,0.0,0.0,0.0,0.0,0.0,0.0,0.0,0.0,53.7,58.0,15.8
1270,1270,South Korea,2010,6.116024494,10.32062149,0.8155166509999999,72.59554291,0.676652968,0.0,0.751621127,0.661970615,0.130337119,0.324227005,0.5334913729999999,0.903217912,1.968296051,0.321826071,0.32,0.319,0.386877596,0.0,0.0,0.0,0.0,0,0.0,0.0,0.0,0.0,0.0,0.0,0.0,0.0,0.0,0.0,0.0,0.0,0.0
1286,1286,Spain,2010,6.188262462999999,10.38921356,0.949940383,72.66778564,0.7964955570000001,0.0,0.839746296,0.724312365,0.321819484,0.302731603,0.402249694,1.107105613,1.995815992,0.322516382,0.353,0.344545455,0.379620492,0.0,0.0,0.0,1434.286,0,0.0,0.0,0.0,0.0,0.0,0.0,0.0,0.0,0.0,0.0,3.8,81.9,24.7
1298,1298,Sri Lanka,2010,3.976905107,9.055231094,0.814367235,64.40462494,0.738208532,0.0,0.769477904,0.822604775,0.163471773,0.8075521590000001,-0.724087954,-0.238926068,1.75406301,0.441062331,,0.39225,0.321851015,0.0,0.0,0.0,56.71,0,0.0,0.0,0.0,0.0,0.0,0.0,0.0,0.0,0.0,0.0,11.2,74.5,20.3
1306,1306,Sudan,2010,4.435159683,8.121508598,0.854824424,52.66412735,0.6481553320000001,0.0,0.736897171,0.668583095,0.220789164,,-2.195433855,-1.298002958,1.708692431,0.385260642,,0.354,0.495025724,0.0,0.0,0.0,74.54,0,0.0,0.0,0.0,0.0,0.0,0.0,0.0,0.0,0.0,0.0,76.7,62.5,17.6
1316,1316,Sweden,2010,7.496018887000001,10.66761875,0.97024262,71.5181427,0.904699981,0.0,0.253086656,0.8330332640000001,0.20011203,0.602851212,1.318448424,1.973138213,1.593267798,0.212548524,0.265,0.267454545,0.309502602,0.0,0.0,0.0,488.37800000000004,0,0.0,0.0,0.0,0.0,0.0,0.0,0.0,0.0,0.0,0.0,3.0,81.5,23.9
1333,1333,Syria,2010,4.464707851,8.569223404,0.934231639,62.76543808,0.647047997,0.0,0.7430939670000001,0.557651937,0.224643707,,-1.251231074,-0.8068997859999999,2.151679516,0.481930643,,0.358,0.49800685,0.0,0.0,0.0,60.043,0,0.0,0.0,0.0,0.0,0.0,0.0,0.0,0.0,0.0,0.0,0.0,0.0,0.0
1340,1340,Taiwan Province of China,2010,6.228530884,10.53376865,0.8314129109999999,69.59999847,0.676587284,0.0,0.8213647009999999,0.8453446029999999,0.135867342,0.433026195,0.843942583,1.0125283,1.942993522,0.311950535,,,0.437055558,0.0,0.0,0.0,446.14099999999996,0,0.0,0.0,0.0,0.0,0.0,0.0,0.0,0.0,0.0,0.0,0.0,0.0,0.0
1352,1352,Tajikistan,2010,4.380636215,7.652706622999999,0.7591630220000001,61.59032439999999,0.78449589,0.0,0.678527772,0.64268297,0.191733032,0.909929097,-1.23280859,-1.109408379,1.2892638440000002,0.294309735,,0.31875,0.382169783,0.0,0.0,0.0,5.642,0,0.0,0.0,0.0,0.0,0.0,0.0,0.0,0.0,0.0,0.0,52.4,67.3,16.4
1364,1364,Tanzania,2010,3.2291290760000004,7.645198345,0.812531769,51.87697601,0.597121656,0.0,0.8662638659999999,0.71656698,0.146118715,0.640798569,-0.05820979900000001,-0.5103966,1.8007310630000002,0.557652235,,0.384666667,0.45316422,0.0,0.0,0.0,31.086,0,0.0,0.0,0.0,0.0,0.0,0.0,0.0,0.0,0.0,0.0,0.0,0.0,0.0
1376,1376,Thailand,2010,6.216702937999999,9.509449005,0.897651255,65.02689362,0.8596364259999999,0.0,0.916693389,0.901267946,0.181523174,0.683404207,-0.969305158,-0.04427252,1.7180379630000002,0.276358396,0.394,0.402636364,0.4173235,0.0,0.0,0.0,341.105,0,0.0,0.0,0.0,0.0,0.0,0.0,0.0,0.0,0.0,0.0,14.9,73.9,20.6
1397,1397,Tunisia,2010,5.130520821,9.253051758,0.8631876709999999,64.96768188,0.623592854,0.0,0.7323792579999999,0.724581182,0.248912811,0.903174698,-0.7400709390000001,-0.002242327,1.513248682,0.294950306,0.358,0.381,0.291472375,0.0,0.0,0.0,44.053999999999995,0,0.0,0.0,0.0,0.0,0.0,0.0,0.0,0.0,0.0,0.0,17.4,74.8,19.4
1409,1409,Turkey,2010,5.490347385,9.795861244,0.794905484,64.21484375,0.514920354,0.0,0.810895741,0.651792586,0.327065974,0.545994282,-0.500053108,0.18338789,2.0405538080000003,0.37166205,0.388,0.403076923,0.353762984,0.0,0.0,0.0,772.29,0,0.0,0.0,0.0,0.0,0.0,0.0,0.0,0.0,0.0,0.0,19.1,74.2,20.4
1429,1429,Uganda,2010,4.1928820610000015,7.32374239,0.830155492,49.06673813,0.8006672859999999,0.0,0.854991913,0.647654116,0.251241982,0.662705898,-0.7594752909999999,-0.503277957,1.862402201,0.444181859,,0.43325,0.525259852,0.0,0.0,0.0,20.212,0,0.0,0.0,0.0,0.0,0.0,0.0,0.0,0.0,0.0,0.0,81.0,58.4,17.0
1441,1441,Ukraine,2010,5.057561398,8.965014457999999,0.8835551140000001,62.34814072,0.483833194,0.0,0.953752279,0.512682855,0.227200434,0.263286889,-0.035436217,-0.783826888,1.743924022,0.344815195,0.248,0.266,0.35318896200000005,0.0,0.0,0.0,136.011,0,0.0,0.0,0.0,0.0,0.0,0.0,0.0,0.0,0.0,0.0,11.7,69.8,17.3
1451,1451,United Arab Emirates,2010,7.097455502000001,10.96092796,0.911762357,67.61258698,0.877750754,0.0,0.355115891,0.762652338,0.23301357,,-0.050877452,0.609364748,1.90211761,0.267999947,,,0.35674235200000004,0.0,0.0,0.0,289.88,0,0.0,0.0,0.0,0.0,0.0,0.0,0.0,0.0,0.0,0.0,8.6,76.2,19.5
1463,1463,United Kingdom,2010,7.0293641089999985,10.50141621,0.955068171,70.47621155,0.841306746,0.0,0.5868131520000001,0.8626207709999999,0.176342949,0.50351125,0.850906134,1.667571664,1.853852868,0.26372981100000004,0.344,0.342,0.544114292,0.0,0.0,0.0,2443.571,0,0.0,0.0,0.0,0.0,0.0,0.0,0.0,0.0,0.0,0.0,0.0,0.0,0.0
1475,1475,United States,2010,7.16361618,10.80715179,0.926158726,69.59370422,0.828044355,0.0,0.6895825859999999,0.860642135,0.231052637,0.418275833,0.7860048409999999,1.4783297780000002,2.182073832,0.304605067,0.404,0.4068,0.739406407,0.0,0.0,0.0,14964.4,0,0.0,0.0,0.0,0.0,0.0,0.0,0.0,0.0,0.0,0.0,0.0,0.0,0.0
1487,1487,Uruguay,2010,6.062010765,9.745803833,0.893039763,67.46670532,0.8322413559999999,0.0,0.47137624,0.806706965,0.231179178,0.728630126,0.985765755,0.7597421999999999,2.039394855,0.336422175,0.453,0.4426,0.388047606,0.0,0.0,0.0,40.285,0,0.0,0.0,0.0,0.0,0.0,0.0,0.0,0.0,0.0,0.0,10.6,76.3,21.4
1498,1498,Uzbekistan,2010,5.095342158999999,8.352248192000001,0.903226435,61.85615921,,0.0,0.51872021,0.775874078,0.151882708,,-1.403055668,-1.244315505,1.669029236,0.327559799,,0.348,0.330613524,0.0,0.0,0.0,38.638000000000005,0,0.0,0.0,0.0,0.0,0.0,0.0,0.0,0.0,0.0,0.0,36.3,68.3,17.4
1510,1510,Venezuela,2010,7.47845459,9.713837624,0.931575835,63.98104858,0.768256962,0.0,0.7542689440000001,0.861522317,0.129685894,0.588830411,-1.063392043,-1.404302955,2.289490938,0.306144923,,0.497166667,0.31319636100000003,0.0,0.0,0.0,294.282,0,0.0,0.0,0.0,0.0,0.0,0.0,0.0,0.0,0.0,0.0,0.0,0.0,0.0
1521,1521,Vietnam,2010,5.295780659,8.408774376,0.7866113779999999,65.10591125,0.831494451,0.0,0.74263674,0.6852432490000001,0.215798423,0.8501964209999999,-0.6742876170000001,-0.522662878,1.422252893,0.26856342,0.393,0.364285714,0.479870409,0.0,0.0,0.0,112.771,0,0.0,0.0,0.0,0.0,0.0,0.0,0.0,0.0,0.0,0.0,0.0,0.0,0.0
1531,1531,Yemen,2010,4.35031271,8.407097816,0.726612389,53.57664490000001,0.659283996,0.0,0.8534032109999999,0.582426667,0.308332771,0.520392537,-1.877492547,-0.978428721,2.240304232,0.514975429,,0.35700000000000004,0.403628409,0.0,0.0,0.0,30.906999999999996,0,0.0,0.0,0.0,0.0,0.0,0.0,0.0,0.0,0.0,0.0,56.3,64.4,16.2
1554,1554,Zimbabwe,2010,4.681569576,7.296329975,0.856637836,44.67263031,0.6647182110000001,0.0,0.8283607959999999,0.7477021220000001,0.122149915,0.47120136,-1.289598703,-1.693677664,1.511014342,0.322758079,,0.4320000000000001,0.680030227,0.0,0.0,0.0,10.067,0,0.0,0.0,0.0,0.0,0.0,0.0,0.0,0.0,0.0,0.0,89.9,52.4,17.0
